threshold,tp,fp,tn,fn,precision,recall,f1,brier_score,auc,cutoff_year,horizon,method,feature_set,sigma,residual_n,robustness_variant
0.5,18,4,5,0,0.8181818181818182,1.0,0.9,0.12744802509267464,0.9629629629629629,2018,7,LightGBM,full_safe,6.086619619196287,107,landfill_proxy_capped_at_100
0.5,18,4,5,0,0.8181818181818182,1.0,0.9,0.11121239878569579,0.95679012345679,2019,6,LightGBM,full_safe,5.718026671807644,161,landfill_proxy_capped_at_100
0.5,18,3,6,0,0.8571428571428571,1.0,0.9230769230769231,0.09803212569079871,0.9320987654320987,2020,5,LightGBM,full_safe,5.8972156498588735,188,landfill_proxy_capped_at_100
0.5,18,2,7,0,0.9,1.0,0.9473684210526315,0.09312028062231417,0.9753086419753086,2021,4,LightGBM,full_safe,5.511230495183808,215,landfill_proxy_capped_at_100
0.5,18,3,6,0,0.8571428571428571,1.0,0.9230769230769231,0.08016618145725961,0.9753086419753086,2022,3,LightGBM,full_safe,5.186265470378,242,landfill_proxy_capped_at_100
0.5,18,3,6,0,0.8571428571428571,1.0,0.9230769230769231,0.07663871382619271,0.9814814814814814,2023,2,LightGBM,full_safe,4.885925030030611,269,landfill_proxy_capped_at_100
